class,top_terms
ACCOUNTANT,"accounting, financial, accountant, accounts, tax, ledger, payroll, statements, monthly, entries"
ADVOCATE,"customer, advocate, service, patient, care, health, sales, medical, patients, customers"
AGRICULTURE,"agriculture, research, program, students, project, data, development, health, student, science"
APPAREL,"sales, store, customer, apparel, product, merchandising, inventory, merchandise, manager, customers"
ARTS,"students, arts, school, student, teacher, art, customer, learning, classroom, service"
AUTOMOBILE,"customer, claims, service, sales, automobile, data, insurance, customers, support, business"
AVIATION,"aviation, aircraft, maintenance, flight, safety, equipment, training, systems, customer, navy"
BANKING,"banking, financial, business, sales, loan, bank, customer, mortgage, client, service"
BPO,"bpo, client, network, business, customer, team, sales, process, support, operations"
BUSINESS-DEVELOPMENT,"sales, business, marketing, development, customer, new, market, client, manager, accounts"
CHEF,"food, chef, kitchen, culinary, menu, restaurant, cooking, catering, cook, service"
CONSTRUCTION,"construction, project, safety, projects, site, equipment, work, concrete, materials, manager"
CONSULTANT,"consultant, business, project, client, marketing, customer, sales, development, support, network"
DESIGNER,"designer, design, graphic, interior, art, adobe, floral, designs, drawings, project"
DIGITAL-MEDIA,"media, marketing, digital, social, content, sales, strategy, web, analytics, business"
ENGINEERING,"engineering, manufacturing, project, electrical, design, mechanical, equipment, test, engineer, systems"
FINANCE,"financial, finance, accounting, accounts, business, reporting, analysis, monthly, sales, budget"
FITNESS,"fitness, sales, exercise, customer, service, training, wellness, health, personal, members"
HEALTHCARE,"healthcare, patient, care, medical, patients, health, customer, clinical, sales, nursing"
HR,"hr, employee, human, benefits, employees, resources, recruitment, payroll, compensation, recruiting"
INFORMATION-TECHNOLOGY,"network, technology, information, systems, support, server, hardware, software, security, windows"
PUBLIC-RELATIONS,"media, public, relations, marketing, press, events, communications, social, event, pr"
SALES,"sales, customer, customers, service, store, merchandise, associate, cash, product, high"
TEACHER,"teacher, students, student, classroom, children, learning, teaching, lesson, school, parents"
